"app_rcode","bit","camp_name","dataextract_dur","dataextract_start","dataextract_stop","datavalidate_dur","datavalidate_start","datavalidate_stop","duration","end_time","fi_enabled","inj_time","launch_dur","launch_start","launch_stop","launchfi_dur","launchfi_start","launchfi_stop","new_cs","new_cs_d","new_ds","new_ds_d","new_eflags","new_eflags_d","new_es","new_es_d","new_fs","new_fs_base","new_fs_base_d","new_fs_d","new_gs","new_gs_base","new_gs_base_d","new_gs_d","new_orig_rax","new_orig_rax_d","new_r10","new_r10_d","new_r11","new_r11_d","new_r12","new_r12_d","new_r13","new_r13_d","new_r14","new_r14_d","new_r15","new_r15_d","new_r8","new_r8_d","new_r9","new_r9_d","new_rax","new_rax_d","new_rbp","new_rbp_d","new_rbx","new_rbx_d","new_rcx","new_rcx_d","new_rdi","new_rdi_d","new_rdx","new_rdx_d","new_rip","new_rip_d","new_rsi","new_rsi_d","new_rsp","new_rsp_d","new_ss","new_ss_d","new_timestamp","new_timestamp_d","old_cs","old_cs_d","old_ds","old_ds_d","old_eflags","old_eflags_d","old_es","old_es_d","old_fs","old_fs_base","old_fs_base_d","old_fs_d","old_gs","old_gs_base","old_gs_base_d","old_gs_d","old_orig_rax","old_orig_rax_d","old_r10","old_r10_d","old_r11","old_r11_d","old_r12","old_r12_d","old_r13","old_r13_d","old_r14","old_r14_d","old_r15","old_r15_d","old_r8","old_r8_d","old_r9","old_r9_d","old_rax","old_rax_d","old_rbp","old_rbp_d","old_rbx","old_rbx_d","old_rcx","old_rcx_d","old_rdi","old_rdi_d","old_rdx","old_rdx_d","old_rip","old_rip_d","old_rsi","old_rsi_d","old_rsp","old_rsp_d","old_ss","old_ss_d","peak_dur","peak_start","peak_stop","pid","postfinish_dur","postfinish_start","postfinish_stop","postlaunch_dur","postlaunch_start","postlaunch_stop","prelaunch_dur","prelaunch_start","prelaunch_stop","reg","reg_d","run_n","start_time","transform_dur","transform_start","transform_stop"
0.0,39.0,"fault_run",0.014918088912963867,1655640094.5995808,1655640094.6144989,0.0002551078796386719,1655640094.8949454,1655640094.8952005,8.312504768371582,1655640094.8952045,"True",3704.0,0.0041925907135009766,1655640086.5900114,1655640086.594204,3.7146356105804443,1655640086.5942247,1655640090.3088603,"0x0000000000000033",51.0,"0x0000000000000000",0.0,"0x0000000000000213",531.0,"0x0000000000000000",0.0,"0x0000000000000000","0x00007f527d665500",139992267904256.0,0.0,"0x0000000000000000","0x0000000000000000",0.0,0.0,"0xffffffffffffffff",1.8446744073709552e+19,"0x00007f527d1f5c40",139992263253056.0,"0x0000564c8aa00806",94886743246854.0,"0x0000564c8aa00610",94886743246352.0,"0x00007ffe1efa85c0",140729418155456.0,"0x0000000000000000",0.0,"0x0000000000000000",0.0,"0x0000000000000000",0.0,"0x0000000000000000",0.0,"0x0000000000000001",1.0,"0x00007ffe1efa84a0",140729418155168.0,"0x0000000000000000",0.0,"0x0000000000000000",0.0,"0x00000000000252f7",152311.0,"0x0000000000001c0d",7181.0,"0x0000564c8aa00738",94886743246648.0,"0x0000000000000000",0.0,"0x00007ffe1efa84a0",140729418155168.0,"0x000000000000002b",43.0,"0x1655640090307877821",6591702611708697081889,"0x0000000000000033",51.0,"0x0000000000000000",0.0,"0x0000000000000213",531.0,"0x0000000000000000",0.0,"0x0000000000000000","0x00007f527d665500",139992267904256.0,0.0,"0x0000000000000000","0x0000000000000000",0.0,0.0,"0xffffffffffffffff",1.8446744073709552e+19,"0x00007f527d1f5c40",139992263253056.0,"0x0000564c8aa00886",94886743246982.0,"0x0000564c8aa00610",94886743246352.0,"0x00007ffe1efa85c0",140729418155456.0,"0x0000000000000000",0.0,"0x0000000000000000",0.0,"0x0000000000000000",0.0,"0x0000000000000000",0.0,"0x0000000000000001",1.0,"0x00007ffe1efa84a0",140729418155168.0,"0x0000000000000000",0.0,"0x0000000000000000",0.0,"0x00000000000252f7",152311.0,"0x0000000000001c0d",7181.0,"0x0000564c8aa00738",94886743246648.0,"0x0000000000000000",0.0,"0x00007ffe1efa84a0",140729418155168.0,"0x000000000000002b",43.0,3.9839835166931152,1655640090.3088698,1655640094.2928534,460.0,0.30670714378356934,1655640094.2928603,1655640094.5995674,6.9141387939453125e-06,1655640086.5942144,1655640086.5942214,0.005072593688964844,1655640086.5849051,1655640086.5899777,"r11",13.0,1.0,1655640086.5826998,0.2800297737121582,1655640094.614512,1655640094.8945417
0.0,18.0,"fault_run",0.014408111572265625,1655640102.9771087,1655640102.9915168,0.00023221969604492188,1655640103.2432637,1655640103.243496,8.275030612945557,1655640103.243506,"True",1539.0,0.005873680114746094,1655640094.9738653,1655640094.979739,1.5460939407348633,1655640094.9797645,1655640096.5258584,"0x0000000000000033",51.0,"0x0000000000000000",0.0,"0x0000000000000206",518.0,"0x0000000000000000",0.0,"0x0000000000000000","0x00007f25a0ae9500",139799586313472.0,0.0,"0x0000000000000000","0x0000000000000000",0.0,0.0,"0xffffffffffffffff",1.8446744073709552e+19,"0x00007f25a0679c40",139799581662272.0,"0x0000557871e00886",93975794944134.0,"0x0000557871e00610",93975794943504.0,"0x00007ffed82fd910",140732525435152.0,"0x0000000000040000",262144.0,"0x0000000000000000",0.0,"0x0000000000000000",0.0,"0x0000000000000000",0.0,"0x000000000000780c",30732.0,"0x00007ffed82fd7f0",140732525434864.0,"0x0000000000000000",0.0,"0x0000000000000000",0.0,"0x0000000000017acd",96973.0,"0x000000000000780c",30732.0,"0x0000557871e0073c",93975794943804.0,"0x0000000000000000",0.0,"0x00007ffed82fd7f0",140732525434864.0,"0x000000000000002b",43.0,"0x1655640096524881782",6591702612130090456962,"0x0000000000000033",51.0,"0x0000000000000000",0.0,"0x0000000000000206",518.0,"0x0000000000000000",0.0,"0x0000000000000000","0x00007f25a0ae9500",139799586313472.0,0.0,"0x0000000000000000","0x0000000000000000",0.0,0.0,"0xffffffffffffffff",1.8446744073709552e+19,"0x00007f25a0679c40",139799581662272.0,"0x0000557871e00886",93975794944134.0,"0x0000557871e00610",93975794943504.0,"0x00007ffed82fd910",140732525435152.0,"0x0000000000000000",0.0,"0x0000000000000000",0.0,"0x0000000000000000",0.0,"0x0000000000000000",0.0,"0x000000000000780c",30732.0,"0x00007ffed82fd7f0",140732525434864.0,"0x0000000000000000",0.0,"0x0000000000000000",0.0,"0x0000000000017acd",96973.0,"0x000000000000780c",30732.0,"0x0000557871e0073c",93975794943804.0,"0x0000000000000000",0.0,"0x00007ffed82fd7f0",140732525434864.0,"0x000000000000002b",43.0,6.138490200042725,1655640096.5258675,1655640102.6643577,467.0,0.31273698806762695,1655640102.6643646,1655640102.9771016,6.4373016357421875e-06,1655640094.979754,1655640094.9797604,0.0031747817993164062,1655640094.9706779,1655640094.9738526,"r14",16.0,2.0,1655640094.9684753,0.25148534774780273,1655640102.9915287,1655640103.243014
0.0,20.0,"fault_run",0.012690544128417969,1655640111.3129234,1655640111.325614,0.00035691261291503906,1655640111.5570679,1655640111.5574248,8.253350496292114,1655640111.5574405,"True",3695.0,0.005192995071411133,1655640103.3092556,1655640103.3144486,3.700906753540039,1655640103.3144882,1655640107.015395,"0x0000000000000033",51.0,"0x0000000000000000",0.0,"0x0000000000000213",531.0,"0x0000000000000000",0.0,"0x0000000000000000","0x00007f2bdcd1d500",139826365060352.0,0.0,"0x0000000000000000","0x0000000000000000",0.0,0.0,"0xffffffffffffffff",1.8446744073709552e+19,"0x00007f2bdc8adc40",139826360409152.0,"0x000055ce9ca00886",94345879357574.0,"0x000055ce9ca00610",94345879356944.0,"0x00007fff44f170e0",140734350061792.0,"0x0000000000100000",1048576.0,"0x0000000000000000",0.0,"0x0000000000000000",0.0,"0x0000000000000000",0.0,"0x0000000000000003",3.0,"0x00007fff44f16fc0",140734350061504.0,"0x0000000000000000",0.0,"0x0000000000000000",0.0,"0x00000000000256c7",153287.0,"0x00000000000037b2",14258.0,"0x000055ce9ca00738",94345879357240.0,"0x0000000000000000",0.0,"0x00007fff44f16fc0",140734350061504.0,"0x000000000000002b",43.0,"0x1655640107014474575",6591702619873643808117,"0x0000000000000033",51.0,"0x0000000000000000",0.0,"0x0000000000000213",531.0,"0x0000000000000000",0.0,"0x0000000000000000","0x00007f2bdcd1d500",139826365060352.0,0.0,"0x0000000000000000","0x0000000000000000",0.0,0.0,"0xffffffffffffffff",1.8446744073709552e+19,"0x00007f2bdc8adc40",139826360409152.0,"0x000055ce9ca00886",94345879357574.0,"0x000055ce9ca00610",94345879356944.0,"0x00007fff44f170e0",140734350061792.0,"0x0000000000000000",0.0,"0x0000000000000000",0.0,"0x0000000000000000",0.0,"0x0000000000000000",0.0,"0x0000000000000003",3.0,"0x00007fff44f16fc0",140734350061504.0,"0x0000000000000000",0.0,"0x0000000000000000",0.0,"0x00000000000256c7",153287.0,"0x00000000000037b2",14258.0,"0x000055ce9ca00738",94345879357240.0,"0x0000000000000000",0.0,"0x00007fff44f16fc0",140734350061504.0,"0x000000000000002b",43.0,4.005558490753174,1655640107.0154045,1655640111.020963,473.0,0.2919456958770752,1655640111.020969,1655640111.3129146,7.152557373046875e-06,1655640103.314473,1655640103.31448,0.002813577651977539,1655640103.3064318,1655640103.3092453,"r14",16.0,3.0,1655640103.30409,0.23119425773620605,1655640111.3256276,1655640111.5568218
0.0,20.0,"fault_run",0.014961004257202148,1655640119.6292698,1655640119.6442308,0.00014972686767578125,1655640119.9011774,1655640119.9013271,8.282469749450684,1655640119.901341,"True",3500.0,0.005424022674560547,1655640111.6256063,1655640111.6310303,3.5058541297912598,1655640111.6310523,1655640115.1369064,"0x0000000000000033",51.0,"0x0000000000000000",0.0,"0x0000000000000213",531.0,"0x0000000000000000",0.0,"0x0000000000000000","0x00007fd5bc8ad500",140555967976704.0,0.0,"0x0000000000000000","0x0000000000000000",0.0,0.0,"0xffffffffffffffff",1.8446744073709552e+19,"0x00007fd5bc43dc40",140555963325504.0,"0x00005648ba000886",94870358198406.0,"0x00005648ba000610",94870358197776.0,"0x00007ffdddcfe270",140728324842096.0,"0x0000000000000000",0.0,"0x0000000000100000",1048576.0,"0x0000000000000000",0.0,"0x0000000000000000",0.0,"0x0000000000000001",1.0,"0x00007ffdddcfe150",140728324841808.0,"0x0000000000000000",0.0,"0x0000000000000000",0.0,"0x000000000002403d",147517.0,"0x000000000000c27d",49789.0,"0x00005648ba000738",94870358198072.0,"0x0000000000000000",0.0,"0x00007ffdddcfe150",140728324841808.0,"0x000000000000002b",43.0,"0x1655640115135845671",6591702620840569099889,"0x0000000000000033",51.0,"0x0000000000000000",0.0,"0x0000000000000213",531.0,"0x0000000000000000",0.0,"0x0000000000000000","0x00007fd5bc8ad500",140555967976704.0,0.0,"0x0000000000000000","0x0000000000000000",0.0,0.0,"0xffffffffffffffff",1.8446744073709552e+19,"0x00007fd5bc43dc40",140555963325504.0,"0x00005648ba000886",94870358198406.0,"0x00005648ba000610",94870358197776.0,"0x00007ffdddcfe270",140728324842096.0,"0x0000000000000000",0.0,"0x0000000000000000",0.0,"0x0000000000000000",0.0,"0x0000000000000000",0.0,"0x0000000000000001",1.0,"0x00007ffdddcfe150",140728324841808.0,"0x0000000000000000",0.0,"0x0000000000000000",0.0,"0x000000000002403d",147517.0,"0x000000000000c27d",49789.0,"0x00005648ba000738",94870358198072.0,"0x0000000000000000",0.0,"0x00007ffdddcfe150",140728324841808.0,"0x000000000000002b",43.0,4.237666845321655,1655640115.1369164,1655640119.3745832,479.0,0.25467371940612793,1655640119.3745892,1655640119.629263,4.0531158447265625e-06,1655640111.6310437,1655640111.6310477,0.003419160842895508,1655640111.6221743,1655640111.6255934,"r15",17.0,4.0,1655640111.6188712,0.25670695304870605,1655640119.6442435,1655640119.9009504
0.0,56.0,"fault_run",0.014200925827026367,1655640127.9680948,1655640127.9822958,0.0001780986785888672,1655640128.2311687,1655640128.2313468,8.272423505783081,1655640128.2313664,"True",4255.0,0.004797220230102539,1655640119.9646308,1655640119.969428,4.260573148727417,1655640119.9694536,1655640124.2300267,"0x0000000000000033",51.0,"0x0000000000000000",0.0,"0x0000000000000213",531.0,"0x0000000000000000",0.0,"0x0000000000000000","0x00007fcb755f6500",140511824274688.0,0.0,"0x0000000000000000","0x0000000000000000",0.0,0.0,"0xffffffffffffffff",1.8446744073709552e+19,"0x00007fcb75186c40",140511819623488.0,"0x0000561720400886",94657325303942.0,"0x0000561720400610",94657325303312.0,"0x00007ffc321a40b0",140721149067440.0,"0x0000000001000000",16777216.0,"0x0000000000000000",0.0,"0x0000000000000000",0.0,"0x0000000000000000",0.0,"0x0000000000000022",34.0,"0x00007ffc321a3f90",140721149067152.0,"0x0000000000000000",0.0,"0x0000000000000000",0.0,"0x0000000000028223",164387.0,"0x0000000000000cbd",3261.0,"0x0000561720400738",94657325303608.0,"0x0000000000000000",0.0,"0x00007ffc321a3f90",140721149067152.0,"0x000000000000002b",43.0,"0x1655640124228995394",6591702621875439489940,"0x0000000000000033",51.0,"0x0000000000000000",0.0,"0x0000000000000213",531.0,"0x0000000000000000",0.0,"0x0000000000000000","0x00007fcb755f6500",140511824274688.0,0.0,"0x0000000000000000","0x0000000000000000",0.0,0.0,"0xffffffffffffffff",1.8446744073709552e+19,"0x00007fcb75186c40",140511819623488.0,"0x0000561720400886",94657325303942.0,"0x0000561720400610",94657325303312.0,"0x00007ffc321a40b0",140721149067440.0,"0x0000000000000000",0.0,"0x0000000000000000",0.0,"0x0000000000000000",0.0,"0x0000000000000000",0.0,"0x0000000000000022",34.0,"0x00007ffc321a3f90",140721149067152.0,"0x0000000000000000",0.0,"0x0000000000000000",0.0,"0x0000000000028223",164387.0,"0x0000000000000cbd",3261.0,"0x0000561720400738",94657325303608.0,"0x0000000000000000",0.0,"0x00007ffc321a3f90",140721149067152.0,"0x000000000000002b",43.0,3.445666551589966,1655640124.230036,1655640127.6757026,485.0,0.29236435890197754,1655640127.6757085,1655640127.968073,5.0067901611328125e-06,1655640119.969444,1655640119.969449,0.003268718719482422,1655640119.9613373,1655640119.964606,"r14",16.0,5.0,1655640119.958943,0.24862957000732422,1655640127.9823067,1655640128.2309363
0.0,53.0,"fault_run",0.013348817825317383,1655640136.3268063,1655640136.3401551,0.00015401840209960938,1655640136.5571187,1655640136.5572727,8.239808082580566,1655640136.5572903,"True",1111.0,0.0059893131256103516,1655640128.3228457,1655640128.328835,1.1170659065246582,1655640128.3288615,1655640129.4459274,"0x0000000000000033",51.0,"0x0000000000000000",0.0,"0x0000000000000213",531.0,"0x0000000000000000",0.0,"0x0000000000000000","0x00007feec8968500",140663544251648.0,0.0,"0x0000000000000000","0x0000000000000000",0.0,0.0,"0xffffffffffffffff",1.8446744073709552e+19,"0x00007feec84f8c40",140663539600448.0,"0x0000563c8fa00886",94818107656326.0,"0x0000563c8f800610",94818105558544.0,"0x00007ffccd1c0750",140723749652304.0,"0x0000000000000000",0.0,"0x0000000000000000",0.0,"0x0000000000000000",0.0,"0x0000000000000000",0.0,"0x0000000000000001",1.0,"0x00007ffccd1c0630",140723749652016.0,"0x0000000000000000",0.0,"0x0000000000000000",0.0,"0x00000000000139c9",80329.0,"0x00000000000078b7",30903.0,"0x0000563c8f800738",94818105558840.0,"0x0000000000000000",0.0,"0x00007ffccd1c0630",140723749652016.0,"0x000000000000002b",43.0,"0x1655640129444964738",6591702622228096370488,"0x0000000000000033",51.0,"0x0000000000000000",0.0,"0x0000000000000213",531.0,"0x0000000000000000",0.0,"0x0000000000000000","0x00007feec8968500",140663544251648.0,0.0,"0x0000000000000000","0x0000000000000000",0.0,0.0,"0xffffffffffffffff",1.8446744073709552e+19,"0x00007feec84f8c40",140663539600448.0,"0x0000563c8f800886",94818105559174.0,"0x0000563c8f800610",94818105558544.0,"0x00007ffccd1c0750",140723749652304.0,"0x0000000000000000",0.0,"0x0000000000000000",0.0,"0x0000000000000000",0.0,"0x0000000000000000",0.0,"0x0000000000000001",1.0,"0x00007ffccd1c0630",140723749652016.0,"0x0000000000000000",0.0,"0x0000000000000000",0.0,"0x00000000000139c9",80329.0,"0x00000000000078b7",30903.0,"0x0000563c8f800738",94818105558840.0,"0x0000000000000000",0.0,"0x00007ffccd1c0630",140723749652016.0,"0x000000000000002b",43.0,6.687825918197632,1655640129.445952,1655640136.1337779,491.0,0.19301128387451172,1655640136.1337852,1655640136.3267965,4.0531158447265625e-06,1655640128.3288522,1655640128.3288562,0.0028438568115234375,1655640128.319991,1655640128.322835,"r11",13.0,6.0,1655640128.3174822,0.216752290725708,1655640136.3401644,1655640136.5569167
0.0,23.0,"fault_run",0.0145263671875,1655640144.6316524,1655640144.6461787,0.0002219676971435547,1655640144.8816898,1655640144.8819118,8.258733034133911,1655640144.8819335,"True",4449.0,0.00433659553527832,1655640136.6284895,1655640136.632826,4.45493221282959,1655640136.6328454,1655640141.0877776,"0x0000000000000033",51.0,"0x0000000000000000",0.0,"0x0000000000000213",531.0,"0x0000000000000000",0.0,"0x0000000000000000","0x00007fd15c767500",140537176159488.0,0.0,"0x0000000000000000","0x0000000000000000",0.0,0.0,"0xffffffffffffffff",1.8446744073709552e+19,"0x00007fd15c2f7c40",140537171508288.0,"0x000055cee5600886",94347099900038.0,"0x000055cee5600610",94347099899408.0,"0x00007ffdf3a97a10",140728691423760.0,"0x0000000000000000",0.0,"0x0000000000000000",0.0,"0x0000000000800000",8388608.0,"0x0000000000000000",0.0,"0x00000000000002c2",706.0,"0x00007ffdf3a978f0",140728691423472.0,"0x0000000000000000",0.0,"0x0000000000000000",0.0,"0x0000000000029147",168263.0,"0x00000000000000eb",235.0,"0x000055cee5600738",94347099899704.0,"0x0000000000000000",0.0,"0x00007ffdf3a978f0",140728691423472.0,"0x000000000000002b",43.0,"0x1655640141086780973",6591702623861289257331,"0x0000000000000033",51.0,"0x0000000000000000",0.0,"0x0000000000000213",531.0,"0x0000000000000000",0.0,"0x0000000000000000","0x00007fd15c767500",140537176159488.0,0.0,"0x0000000000000000","0x0000000000000000",0.0,0.0,"0xffffffffffffffff",1.8446744073709552e+19,"0x00007fd15c2f7c40",140537171508288.0,"0x000055cee5600886",94347099900038.0,"0x000055cee5600610",94347099899408.0,"0x00007ffdf3a97a10",140728691423760.0,"0x0000000000000000",0.0,"0x0000000000000000",0.0,"0x0000000000000000",0.0,"0x0000000000000000",0.0,"0x00000000000002c2",706.0,"0x00007ffdf3a978f0",140728691423472.0,"0x0000000000000000",0.0,"0x0000000000000000",0.0,"0x0000000000029147",168263.0,"0x00000000000000eb",235.0,"0x000055cee5600738",94347099899704.0,"0x0000000000000000",0.0,"0x00007ffdf3a978f0",140728691423472.0,"0x000000000000002b",43.0,3.23058819770813,1655640141.0877867,1655640144.3183749,497.0,0.313265323638916,1655640144.31838,1655640144.6316454,3.0994415283203125e-06,1655640136.6328387,1655640136.6328418,0.0030739307403564453,1655640136.6254046,1655640136.6284785,"r8",10.0,7.0,1655640136.6232004,0.23521924018859863,1655640144.6461928,1655640144.881412
0.0,25.0,"fault_run",0.012209177017211914,1655640152.971419,1655640152.9836283,0.00013899803161621094,1655640153.207144,1655640153.207283,8.245429515838623,1655640153.2072988,"True",2313.0,0.004049777984619141,1655640144.9683325,1655640144.9723823,2.318557024002075,1655640144.972399,1655640147.290956,"0x0000000000000033",51.0,"0x0000000000000000",0.0,"0x0000000000000213",531.0,"0x0000000000000000",0.0,"0x0000000000000000","0x00007f00846e9500",139640198567168.0,0.0,"0x0000000000000000","0x0000000000000000",0.0,0.0,"0xffffffffffffffff",1.8446744073709552e+19,"0x00007f0084279c40",139640193915968.0,"0x0000559665400886",94104432150662.0,"0x0000559665400610",94104432150032.0,"0x00007ffeee361f90",140732894945168.0,"0x0000000000000000",0.0,"0x0000000000000000",0.0,"0x0000000000000000",0.0,"0x0000000000000000",0.0,"0x0000000000000002",2.0,"0x00007ffeee361e70",140732894944880.0,"0x0000000002000000",33554432.0,"0x0000000000000000",0.0,"0x000000000001d473",119923.0,"0x0000000000006abb",27323.0,"0x0000559665400738",94104432150328.0,"0x0000000000000000",0.0,"0x00007ffeee361e70",140732894944880.0,"0x000000000000002b",43.0,"0x1655640147289825929",6591702624282247059753,"0x0000000000000033",51.0,"0x0000000000000000",0.0,"0x0000000000000213",531.0,"0x0000000000000000",0.0,"0x0000000000000000","0x00007f00846e9500",139640198567168.0,0.0,"0x0000000000000000","0x0000000000000000",0.0,0.0,"0xffffffffffffffff",1.8446744073709552e+19,"0x00007f0084279c40",139640193915968.0,"0x0000559665400886",94104432150662.0,"0x0000559665400610",94104432150032.0,"0x00007ffeee361f90",140732894945168.0,"0x0000000000000000",0.0,"0x0000000000000000",0.0,"0x0000000000000000",0.0,"0x0000000000000000",0.0,"0x0000000000000002",2.0,"0x00007ffeee361e70",140732894944880.0,"0x0000000000000000",0.0,"0x0000000000000000",0.0,"0x000000000001d473",119923.0,"0x0000000000006abb",27323.0,"0x0000559665400738",94104432150328.0,"0x0000000000000000",0.0,"0x00007ffeee361e70",140732894944880.0,"0x000000000000002b",43.0,5.411165237426758,1655640147.2909877,1655640152.702153,503.0,0.26925206184387207,1655640152.7021585,1655640152.9714105,3.337860107421875e-06,1655640144.972392,1655640144.9723954,0.0038290023803710938,1655640144.9644938,1655640144.9683228,"rbx",3.0,8.0,1655640144.9618692,0.223297119140625,1655640152.9836383,1655640153.2069354
0.0,8.0,"fault_run",0.014530658721923828,1655640161.3046572,1655640161.3191879,0.0001537799835205078,1655640161.5764236,1655640161.5765774,8.279418706893921,1655640161.5765922,"True",2042.0,0.004428863525390625,1655640153.301511,1655640153.30594,2.0480105876922607,1655640153.3059592,1655640155.3539698,"0x0000000000000033",51.0,"0x0000000000000000",0.0,"0x0000000000000213",531.0,"0x0000000000000000",0.0,"0x0000000000000000","0x00007f688c2ec500",140087005201664.0,0.0,"0x0000000000000000","0x0000000000000000",0.0,0.0,"0xffffffffffffffff",1.8446744073709552e+19,"0x00007f688be7cc40",140087000550464.0,"0x00005561be000886",93878287861894.0,"0x00005561be000610",93878287861264.0,"0x00007ffe636cc580",140730566493568.0,"0x0000000000000000",0.0,"0x0000000000000000",0.0,"0x0000000000000000",0.0,"0x0000000000000000",0.0,"0x0000000000000001",1.0,"0x00007ffe636cc460",140730566493280.0,"0x0000000000000000",0.0,"0x0000000000000100",256.0,"0x000000000001b4d9",111833.0,"0x000000000000433b",17211.0,"0x00005561be000738",93878287861560.0,"0x0000000000000000",0.0,"0x00007ffe636cc460",140730566493280.0,"0x000000000000002b",43.0,"0x1655640155352760725",6591702625247691147045,"0x0000000000000033",51.0,"0x0000000000000000",0.0,"0x0000000000000213",531.0,"0x0000000000000000",0.0,"0x0000000000000000","0x00007f688c2ec500",140087005201664.0,0.0,"0x0000000000000000","0x0000000000000000",0.0,0.0,"0xffffffffffffffff",1.8446744073709552e+19,"0x00007f688be7cc40",140087000550464.0,"0x00005561be000886",93878287861894.0,"0x00005561be000610",93878287861264.0,"0x00007ffe636cc580",140730566493568.0,"0x0000000000000000",0.0,"0x0000000000000000",0.0,"0x0000000000000000",0.0,"0x0000000000000000",0.0,"0x0000000000000001",1.0,"0x00007ffe636cc460",140730566493280.0,"0x0000000000000000",0.0,"0x0000000000000000",0.0,"0x000000000001b4d9",111833.0,"0x000000000000433b",17211.0,"0x00005561be000738",93878287861560.0,"0x0000000000000000",0.0,"0x00007ffe636cc460",140730566493280.0,"0x000000000000002b",43.0,5.631796598434448,1655640155.3539803,1655640160.985777,509.0,0.3188669681549072,1655640160.9857833,1655640161.3046503,3.814697265625e-06,1655640153.3059523,1655640153.3059561,0.0023221969604492188,1655640153.2991803,1655640153.3015025,"rcx",4.0,9.0,1655640153.2971735,0.25699830055236816,1655640161.3192074,1655640161.5762057
-11.0,25.0,"fault_run",0.013597488403320312,1655640169.6483178,1655640169.6619153,0.0001537799835205078,1655640169.9055812,1655640169.905735,8.266942501068115,1655640169.9057508,"True",4908.0,0.005591630935668945,1655640161.6446793,1655640161.650271,4.913081407546997,1655640161.6502924,1655640166.5633738,"0x0000000000000033",51.0,"0x0000000000000000",0.0,"0x0000000000000213",531.0,"0x0000000000000000",0.0,"0x0000000000000000","0x00007f57990d5500",140014206670080.0,0.0,"0x0000000000000000","0x0000000000000000",0.0,0.0,"0xffffffffffffffff",1.8446744073709552e+19,"0x00007f579ac65c40",140014235573312.0,"0x0000558525800886",94030348159110.0,"0x0000558525800610",94030348158480.0,"0x00007ffc9fb8d060",140722988175456.0,"0x0000000000000000",0.0,"0x0000000000000000",0.0,"0x0000000000000000",0.0,"0x0000000000000000",0.0,"0x0000000000000048",72.0,"0x00007ffc9fb8cf40",140722988175168.0,"0x0000000000000000",0.0,"0x0000000000000000",0.0,"0x000000000002b6f9",177913.0,"0x0000000000000829",2089.0,"0x0000558525800738",94030348158776.0,"0x0000000000000000",0.0,"0x00007ffc9fb8cf40",140722988175168.0,"0x000000000000002b",43.0,"0x1655640166562331226",6591702626424776233510,"0x0000000000000033",51.0,"0x0000000000000000",0.0,"0x0000000000000213",531.0,"0x0000000000000000",0.0,"0x0000000000000000","0x00007f579b0d5500",140014240224512.0,0.0,"0x0000000000000000","0x0000000000000000",0.0,0.0,"0xffffffffffffffff",1.8446744073709552e+19,"0x00007f579ac65c40",140014235573312.0,"0x0000558525800886",94030348159110.0,"0x0000558525800610",94030348158480.0,"0x00007ffc9fb8d060",140722988175456.0,"0x0000000000000000",0.0,"0x0000000000000000",0.0,"0x0000000000000000",0.0,"0x0000000000000000",0.0,"0x0000000000000048",72.0,"0x00007ffc9fb8cf40",140722988175168.0,"0x0000000000000000",0.0,"0x0000000000000000",0.0,"0x000000000002b6f9",177913.0,"0x0000000000000829",2089.0,"0x0000558525800738",94030348158776.0,"0x0000000000000000",0.0,"0x00007ffc9fb8cf40",140722988175168.0,"0x000000000000002b",43.0,2.7976908683776855,1655640166.563386,1655640169.3610768,515.0,0.28722715377807617,1655640169.3610816,1655640169.6483088,4.0531158447265625e-06,1655640161.6502848,1655640161.6502888,0.003744840621948242,1655640161.640921,1655640161.644666,"fs_base",21.0,10.0,1655640161.6388083,0.24339532852172852,1655640169.6619253,1655640169.9053206
-11.0,37.0,"fault_run",0.013472795486450195,1655640172.9722824,1655640172.9857552,0.00015354156494140625,1655640173.1286302,1655640173.1287837,3.1651198863983154,1655640173.1288009,"True",2769.0,0.003907680511474609,1655640169.9694085,1655640169.9733162,2.775489091873169,1655640169.9733312,1655640172.7488203,"0x0000000000000033",51.0,"0x0000000000000000",0.0,"0x0000000000000213",531.0,"0x0000000000000000",0.0,"0x0000000000000000","0x00007efecf170500",139632861185280.0,0.0,"0x0000000000000000","0x0000000000000000",0.0,0.0,"0xffffffffffffffff",1.8446744073709552e+19,"0x00007efeced00c40",139632856534080.0,"0x0000557d54800886",93996776949894.0,"0x0000557d54800610",93996776949264.0,"0x00007ffe654fc5c0",140730598147520.0,"0x0000000000000000",0.0,"0x0000000000000000",0.0,"0x0000000000000000",0.0,"0x0000000000000000",0.0,"0x0000000000000001",1.0,"0x00007ffe654fc4a0",140730598147232.0,"0x0000000000000000",0.0,"0x0000000000000000",0.0,"0x000000000001ffff",131071.0,"0x0000000000007e11",32273.0,"0x0000557d54800738",93996776949560.0,"0x0000000000000000",0.0,"0x00007ffe654fc4a0",140730598147232.0,"0x000000000000000b",11.0,"0x1655640172747806284",6591702627257551970948,"0x0000000000000033",51.0,"0x0000000000000000",0.0,"0x0000000000000213",531.0,"0x0000000000000000",0.0,"0x0000000000000000","0x00007efecf170500",139632861185280.0,0.0,"0x0000000000000000","0x0000000000000000",0.0,0.0,"0xffffffffffffffff",1.8446744073709552e+19,"0x00007efeced00c40",139632856534080.0,"0x0000557d54800886",93996776949894.0,"0x0000557d54800610",93996776949264.0,"0x00007ffe654fc5c0",140730598147520.0,"0x0000000000000000",0.0,"0x0000000000000000",0.0,"0x0000000000000000",0.0,"0x0000000000000000",0.0,"0x0000000000000001",1.0,"0x00007ffe654fc4a0",140730598147232.0,"0x0000000000000000",0.0,"0x0000000000000000",0.0,"0x000000000001ffff",131071.0,"0x0000000000007e11",32273.0,"0x0000557d54800738",93996776949560.0,"0x0000000000000000",0.0,"0x00007ffe654fc4a0",140730598147232.0,"0x000000000000002b",43.0,0.0004382133483886719,1655640172.7488296,1655640172.7492678,521.0,0.22300505638122559,1655640172.7492702,1655640172.9722753,3.337860107421875e-06,1655640169.973325,1655640169.9733284,0.002684354782104492,1655640169.9667153,1655640169.9693997,"ss",7.0,11.0,1655640169.963681,0.14258980751037598,1655640172.9857671,1655640173.128357
0.0,6.0,"fault_run",0.014423608779907227,1655640181.192959,1655640181.2073827,0.00015664100646972656,1655640181.4354064,1655640181.435563,8.250658750534058,1655640181.4355803,"True",1747.0,0.004844188690185547,1655640173.1897235,1655640173.1945677,1.7526588439941406,1655640173.19459,1655640174.947249,"0x0000000000000033",51.0,"0x0000000000000000",0.0,"0x0000000000000213",531.0,"0x0000000000000000",0.0,"0x0000000000000000","0x00007f3c5f720500",139897276073216.0,0.0,"0x0000000000000000","0x0000000000000000",0.0,0.0,"0xffffffffffffffff",1.8446744073709552e+19,"0x00007f3c5f2b0c00",139897271421952.0,"0x000055d627c00886",94378278258822.0,"0x000055d627c00610",94378278258192.0,"0x00007fff15e95640",140733561001536.0,"0x0000000000000000",0.0,"0x0000000000000000",0.0,"0x0000000000000000",0.0,"0x0000000000000000",0.0,"0x0000000000000001",1.0,"0x00007fff15e95520",140733561001248.0,"0x0000000000000000",0.0,"0x0000000000000000",0.0,"0x00000000000194bd",103613.0,"0x0000000000006fd4",28628.0,"0x000055d627c00738",94378278258488.0,"0x0000000000000000",0.0,"0x00007fff15e95520",140733561001248.0,"0x000000000000002b",43.0,"0x1655640174946233572",6591702627403557975410,"0x0000000000000033",51.0,"0x0000000000000000",0.0,"0x0000000000000213",531.0,"0x0000000000000000",0.0,"0x0000000000000000","0x00007f3c5f720500",139897276073216.0,0.0,"0x0000000000000000","0x0000000000000000",0.0,0.0,"0xffffffffffffffff",1.8446744073709552e+19,"0x00007f3c5f2b0c40",139897271422016.0,"0x000055d627c00886",94378278258822.0,"0x000055d627c00610",94378278258192.0,"0x00007fff15e95640",140733561001536.0,"0x0000000000000000",0.0,"0x0000000000000000",0.0,"0x0000000000000000",0.0,"0x0000000000000000",0.0,"0x0000000000000001",1.0,"0x00007fff15e95520",140733561001248.0,"0x0000000000000000",0.0,"0x0000000000000000",0.0,"0x00000000000194bd",103613.0,"0x0000000000006fd4",28628.0,"0x000055d627c00738",94378278258488.0,"0x0000000000000000",0.0,"0x00007fff15e95520",140733561001248.0,"0x000000000000002b",43.0,5.918693542480469,1655640174.9472594,1655640180.865953,527.0,0.3269917964935303,1655640180.8659585,1655640181.1929502,4.291534423828125e-06,1655640173.1945817,1655640173.194586,0.0026674270629882812,1655640173.1870456,1655640173.189713,"r10",12.0,12.0,1655640173.1849215,0.22778987884521484,1655640181.2073932,1655640181.435183
0.0,55.0,"fault_run",0.014638662338256836,1655640189.4975288,1655640189.5121675,0.0001494884490966797,1655640189.7289956,1655640189.729145,8.239850997924805,1655640189.7291622,"True",2852.0,0.004784107208251953,1655640181.4939938,1655640181.4987779,2.857170820236206,1655640181.4988053,1655640184.355976,"0x0000000000000033",51.0,"0x0000000000000000",0.0,"0x0000000000000213",531.0,"0x0000000000000000",0.0,"0x0000000000000000","0x00007f990e842500",140295350265088.0,0.0,"0x0000000000000000","0x0000000000000000",0.0,0.0,"0xffffffffffffffff",1.8446744073709552e+19,"0x00007f990e3d2c40",140295345613888.0,"0x000055c523800886",94305192511622.0,"0x000055c523800610",94305192510992.0,"0x00007ffc8308ada0",140722506870176.0,"0x0000000000000000",0.0,"0x0000000000000000",0.0,"0x0000000000000000",0.0,"0x0000000000000000",0.0,"0x0000000000000005",5.0,"0x00007ffc8308ac80",140722506869888.0,"0x0000000000000000",0.0,"0x0000000000000000",0.0,"0x0000000000820ba5",8522661.0,"0x0000000000003915",14613.0,"0x000055c523800738",94305192511288.0,"0x0000000000000000",0.0,"0x00007ffc8308ac80",140722506869888.0,"0x000000000000002b",43.0,"0x1655640184355014112",6591702628477549232402,"0x0000000000000033",51.0,"0x0000000000000000",0.0,"0x0000000000000213",531.0,"0x0000000000000000",0.0,"0x0000000000000000","0x00007f990e842500",140295350265088.0,0.0,"0x0000000000000000","0x0000000000000000",0.0,0.0,"0xffffffffffffffff",1.8446744073709552e+19,"0x00007f990e3d2c40",140295345613888.0,"0x000055c523800886",94305192511622.0,"0x000055c523800610",94305192510992.0,"0x00007ffc8308ada0",140722506870176.0,"0x0000000000000000",0.0,"0x0000000000000000",0.0,"0x0000000000000000",0.0,"0x0000000000000000",0.0,"0x0000000000000005",5.0,"0x00007ffc8308ac80",140722506869888.0,"0x0000000000000000",0.0,"0x0000000000000000",0.0,"0x0000000000020ba5",134053.0,"0x0000000000003915",14613.0,"0x000055c523800738",94305192511288.0,"0x0000000000000000",0.0,"0x00007ffc8308ac80",140722506869888.0,"0x000000000000002b",43.0,4.7704503536224365,1655640184.3559854,1655640189.1264358,533.0,0.3710789680480957,1655640189.1264417,1655640189.4975207,5.245208740234375e-06,1655640181.4987931,1655640181.4987984,0.002877950668334961,1655640181.4911056,1655640181.4939835,"rdi",19.0,13.0,1655640181.4893112,0.21660327911376953,1655640189.5121815,1655640189.7287848
0.0,1.0,"fault_run",0.014144659042358398,1655640197.7950041,1655640197.8091488,0.00015354156494140625,1655640198.0635078,1655640198.0636613,8.277500867843628,1655640198.0636785,"True",1985.0,0.003873109817504883,1655640189.7920127,1655640189.7958858,1.990941047668457,1655640189.7959042,1655640191.7868452,"0x0000000000000033",51.0,"0x0000000000000000",0.0,"0x0000000000000213",531.0,"0x0000000000000002",2.0,"0x0000000000000000","0x00007f5137a3b500",139986802554112.0,0.0,"0x0000000000000000","0x0000000000000000",0.0,0.0,"0xffffffffffffffff",1.8446744073709552e+19,"0x00007f51375cbc40",139986797902912.0,"0x00005650c8e00886",94904967497862.0,"0x00005650c8e00610",94904967497232.0,"0x00007ffc6bff7d50",140722120392016.0,"0x0000000000000000",0.0,"0x0000000000000000",0.0,"0x0000000000000000",0.0,"0x0000000000000000",0.0,"0x0000000000000001",1.0,"0x00007ffc6bff7c30",140722120391728.0,"0x0000000000000000",0.0,"0x0000000000000000",0.0,"0x000000000001b27b",111227.0,"0x0000000000009bc1",39873.0,"0x00005650c8e00738",94904967497528.0,"0x0000000000000000",0.0,"0x00007ffc6bff7c30",140722120391728.0,"0x000000000000002b",43.0,"0x1655640191785848255",6591702629388896207445,"0x0000000000000033",51.0,"0x0000000000000000",0.0,"0x0000000000000213",531.0,"0x0000000000000000",0.0,"0x0000000000000000","0x00007f5137a3b500",139986802554112.0,0.0,"0x0000000000000000","0x0000000000000000",0.0,0.0,"0xffffffffffffffff",1.8446744073709552e+19,"0x00007f51375cbc40",139986797902912.0,"0x00005650c8e00886",94904967497862.0,"0x00005650c8e00610",94904967497232.0,"0x00007ffc6bff7d50",140722120392016.0,"0x0000000000000000",0.0,"0x0000000000000000",0.0,"0x0000000000000000",0.0,"0x0000000000000000",0.0,"0x0000000000000001",1.0,"0x00007ffc6bff7c30",140722120391728.0,"0x0000000000000000",0.0,"0x0000000000000000",0.0,"0x000000000001b27b",111227.0,"0x0000000000009bc1",39873.0,"0x00005650c8e00738",94904967497528.0,"0x0000000000000000",0.0,"0x00007ffc6bff7c30",140722120391728.0,"0x000000000000002b",43.0,5.760287046432495,1655640191.7868533,1655640197.5471404,539.0,0.24785089492797852,1655640197.5471466,1655640197.7949975,3.337860107421875e-06,1655640189.7958965,1655640189.7958999,0.0034940242767333984,1655640189.7885077,1655640189.7920017,"es",24.0,14.0,1655640189.7861776,0.2541310787200928,1655640197.8091612,1655640198.0632923
0.0,18.0,"fault_run",0.013437509536743164,1655640206.135023,1655640206.1484606,0.000164031982421875,1655640206.3607543,1655640206.3609183,8.234259605407715,1655640206.3609393,"True",388.0,0.0050809383392333984,1655640198.1317716,1655640198.1368525,0.392960786819458,1655640198.1368716,1655640198.5298324,"0x0000000000000033",51.0,"0x0000000000000000",0.0,"0x0000000000000213",531.0,"0x0000000000000000",0.0,"0x0000000000000000","0x00007f4baa29b500",139962954134784.0,0.0,"0x0000000000000000","0x0000000000000000",0.0,0.0,"0xffffffffffffffff",1.8446744073709552e+19,"0x00007f4ba9e2bc40",139962949483584.0,"0x00005639de800886",94806546057350.0,"0x00005639de800610",94806546056720.0,"0x00007ffefe373c00",140733163453440.0,"0x0000000000000000",0.0,"0x0000000000000000",0.0,"0x0000000000000000",0.0,"0x0000000000000000",0.0,"0x0000000000000002",2.0,"0x00007ffefe373ae0",140733163453152.0,"0x0000000000040000",262144.0,"0x0000000000000000",0.0,"0x000000000000b69b",46747.0,"0x0000000000003291",12945.0,"0x00005639de800738",94806546057016.0,"0x0000000000000000",0.0,"0x00007ffefe373ae0",140733163453152.0,"0x000000000000002b",43.0,"0x1655640198528942551",6591702629859783353681,"0x0000000000000033",51.0,"0x0000000000000000",0.0,"0x0000000000000213",531.0,"0x0000000000000000",0.0,"0x0000000000000000","0x00007f4baa29b500",139962954134784.0,0.0,"0x0000000000000000","0x0000000000000000",0.0,0.0,"0xffffffffffffffff",1.8446744073709552e+19,"0x00007f4ba9e2bc40",139962949483584.0,"0x00005639de800886",94806546057350.0,"0x00005639de800610",94806546056720.0,"0x00007ffefe373c00",140733163453440.0,"0x0000000000000000",0.0,"0x0000000000000000",0.0,"0x0000000000000000",0.0,"0x0000000000000000",0.0,"0x0000000000000002",2.0,"0x00007ffefe373ae0",140733163453152.0,"0x0000000000000000",0.0,"0x0000000000000000",0.0,"0x000000000000b69b",46747.0,"0x0000000000003291",12945.0,"0x00005639de800738",94806546057016.0,"0x0000000000000000",0.0,"0x00007ffefe373ae0",140733163453152.0,"0x000000000000002b",43.0,7.309868335723877,1655640198.5298417,1655640205.83971,545.0,0.29529666900634766,1655640205.8397176,1655640206.1350143,3.0994415283203125e-06,1655640198.1368651,1655640198.1368682,0.003035306930541992,1655640198.1287262,1655640198.1317616,"rbx",3.0,15.0,1655640198.1266797,0.21203851699829102,1655640206.1484756,1655640206.3605142
0.0,7.0,"fault_run",0.012711048126220703,1655640214.4228046,1655640214.4355156,0.0001404285430908203,1655640214.6430306,1655640214.643171,8.22859787940979,1655640214.643187,"True",2334.0,0.0034563541412353516,1655640206.4198864,1655640206.4233427,2.339355945587158,1655640206.4233572,1655640208.7627132,"0x0000000000000033",51.0,"0x0000000000000000",0.0,"0x0000000000000293",659.0,"0x0000000000000000",0.0,"0x0000000000000000","0x00007f54eb366500",140002700190976.0,0.0,"0x0000000000000000","0x0000000000000000",0.0,0.0,"0xffffffffffffffff",1.8446744073709552e+19,"0x00007f54eaef6c40",140002695539776.0,"0x00005558b5600886",93839488452742.0,"0x00005558b5600610",93839488452112.0,"0x00007ffde4e6e550",140728443790672.0,"0x0000000000000000",0.0,"0x0000000000000000",0.0,"0x0000000000000000",0.0,"0x0000000000000000",0.0,"0x000000000000000c",12.0,"0x00007ffde4e6e430",140728443790384.0,"0x0000000000000000",0.0,"0x0000000000000000",0.0,"0x000000000001d61d",120349.0,"0x0000000000000e11",3601.0,"0x00005558b5600738",93839488452408.0,"0x0000000000000000",0.0,"0x00007ffde4e6e430",140728443790384.0,"0x000000000000002b",43.0,"0x1655640208761881718",6591702637565910193944,"0x0000000000000033",51.0,"0x0000000000000000",0.0,"0x0000000000000213",531.0,"0x0000000000000000",0.0,"0x0000000000000000","0x00007f54eb366500",140002700190976.0,0.0,"0x0000000000000000","0x0000000000000000",0.0,0.0,"0xffffffffffffffff",1.8446744073709552e+19,"0x00007f54eaef6c40",140002695539776.0,"0x00005558b5600886",93839488452742.0,"0x00005558b5600610",93839488452112.0,"0x00007ffde4e6e550",140728443790672.0,"0x0000000000000000",0.0,"0x0000000000000000",0.0,"0x0000000000000000",0.0,"0x0000000000000000",0.0,"0x000000000000000c",12.0,"0x00007ffde4e6e430",140728443790384.0,"0x0000000000000000",0.0,"0x0000000000000000",0.0,"0x000000000001d61d",120349.0,"0x0000000000000e11",3601.0,"0x00005558b5600738",93839488452408.0,"0x0000000000000000",0.0,"0x00007ffde4e6e430",140728443790384.0,"0x000000000000002b",43.0,5.386059284210205,1655640208.7627225,1655640214.1487818,551.0,0.27400875091552734,1655640214.1487875,1655640214.4227962,3.337860107421875e-06,1655640206.423351,1655640206.4233544,0.0028786659240722656,1655640206.4169974,1655640206.419876,"eflags",8.0,16.0,1655640206.4145892,0.20728039741516113,1655640214.4355297,1655640214.64281
-11.0,54.0,"fault_run",0.012894153594970703,1655640222.7051308,1655640222.718025,0.000148773193359375,1655640222.92189,1655640222.9220388,8.224443912506104,1655640222.922052,"True",3730.0,0.0032570362091064453,1655640214.7022092,1655640214.7054663,3.735809803009033,1655640214.7054822,1655640218.441292,"0x0000000000000033",51.0,"0x0000000000000000",0.0,"0x0000000000000213",531.0,"0x0000000000000000",0.0,"0x0000000000000000","0x00007fa5f3714500",140350730618112.0,0.0,"0x0000000000000000","0x0000000000000000",0.0,0.0,"0xffffffffffffffff",1.8446744073709552e+19,"0x00007fa5f2ea4c40",140350721772608.0,"0x0000557721800886",93970151508102.0,"0x0000557721800610",93970151507472.0,"0x00007fffc8c06730",140736561440560.0,"0x0000000000000000",0.0,"0x0000000000000000",0.0,"0x0000000000000000",0.0,"0x0000000000000000",0.0,"0x0000000000000001",1.0,"0x00007fffc8c06610",140736561440272.0,"0x0000000000000000",0.0,"0x0000000000000000",0.0,"0x000000000002569f",153247.0,"0x000000000000c588",50568.0,"0x0000557721800738",93970151507768.0,"0x0000000000000000",0.0,"0x00007fffc8c06610",140736561440272.0,"0x000000000000002b",43.0,"0x1655640218440199146",6591702638651976028486,"0x0000000000000033",51.0,"0x0000000000000000",0.0,"0x0000000000000213",531.0,"0x0000000000000000",0.0,"0x0000000000000000","0x00007fa5f3314500",140350726423808.0,0.0,"0x0000000000000000","0x0000000000000000",0.0,0.0,"0xffffffffffffffff",1.8446744073709552e+19,"0x00007fa5f2ea4c40",140350721772608.0,"0x0000557721800886",93970151508102.0,"0x0000557721800610",93970151507472.0,"0x00007fffc8c06730",140736561440560.0,"0x0000000000000000",0.0,"0x0000000000000000",0.0,"0x0000000000000000",0.0,"0x0000000000000000",0.0,"0x0000000000000001",1.0,"0x00007fffc8c06610",140736561440272.0,"0x0000000000000000",0.0,"0x0000000000000000",0.0,"0x000000000002569f",153247.0,"0x000000000000c588",50568.0,"0x0000557721800738",93970151507768.0,"0x0000000000000000",0.0,"0x00007fffc8c06610",140736561440272.0,"0x000000000000002b",43.0,3.983693838119507,1655640218.4413016,1655640222.4249954,557.0,0.2801210880279541,1655640222.425001,1655640222.705122,2.86102294921875e-06,1655640214.7054753,1655640214.7054782,0.002404928207397461,1655640214.6997952,1655640214.7022002,"fs_base",21.0,17.0,1655640214.697608,0.20362305641174316,1655640222.718036,1655640222.921659
-11.0,40.0,"fault_run",0.011780261993408203,1655640224.9850383,1655640224.9968185,0.0001766681671142578,1655640225.0759335,1655640225.0761101,2.0993833541870117,1655640225.0761268,"True",1643.0,0.004055500030517578,1655640222.9819508,1655640222.9860063,1.6477723121643066,1655640222.986024,1655640224.6337962,"0x0000000000000033",51.0,"0x0000000000000000",0.0,"0x0000000000000213",531.0,"0x0000000000000000",0.0,"0x0000000000000000","0x00007fbba613a500",140443921917184.0,0.0,"0x0000000000000000","0x0000000000000000",0.0,0.0,"0xffffffffffffffff",1.8446744073709552e+19,"0x00007fbba5ccac40",140443917265984.0,"0x000055ae07600886",94205936404614.0,"0x000055ae07600610",94205936403984.0,"0x00007fff22cbb7c0",140733777164224.0,"0x0000000000000000",0.0,"0x0000000000000000",0.0,"0x0000000000000000",0.0,"0x0000000000000000",0.0,"0x0000000000000002",2.0,"0x00007fff22cbb6a0",140733777163936.0,"0x0000000000000000",0.0,"0x0000000000000000",0.0,"0x00000000000186a3",100003.0,"0x00000000000065c5",26053.0,"0x000055ae07600738",94205936404280.0,"0x0000000000000000",0.0,"0x00007fff22cbb6a0",140733777163936.0,"0x000000000000012b",299.0,"0x1655640224632734585",6591702639484970681733,"0x0000000000000033",51.0,"0x0000000000000000",0.0,"0x0000000000000213",531.0,"0x0000000000000000",0.0,"0x0000000000000000","0x00007fbba613a500",140443921917184.0,0.0,"0x0000000000000000","0x0000000000000000",0.0,0.0,"0xffffffffffffffff",1.8446744073709552e+19,"0x00007fbba5ccac40",140443917265984.0,"0x000055ae07600886",94205936404614.0,"0x000055ae07600610",94205936403984.0,"0x00007fff22cbb7c0",140733777164224.0,"0x0000000000000000",0.0,"0x0000000000000000",0.0,"0x0000000000000000",0.0,"0x0000000000000000",0.0,"0x0000000000000002",2.0,"0x00007fff22cbb6a0",140733777163936.0,"0x0000000000000000",0.0,"0x0000000000000000",0.0,"0x00000000000186a3",100003.0,"0x00000000000065c5",26053.0,"0x000055ae07600738",94205936404280.0,"0x0000000000000000",0.0,"0x00007fff22cbb6a0",140733777163936.0,"0x000000000000002b",43.0,0.0003490447998046875,1655640224.6338048,1655640224.6341538,563.0,0.35087084770202637,1655640224.6341574,1655640224.9850283,3.0994415283203125e-06,1655640222.986017,1655640222.98602,0.002637624740600586,1655640222.979302,1655640222.9819396,"ss",7.0,18.0,1655640222.9767435,0.07886981964111328,1655640224.996831,1655640225.0757008
0.0,13.0,"fault_run",0.016202688217163086,1655640233.1384666,1655640233.1546693,0.00014162063598632812,1655640233.3773608,1655640233.3775024,8.247944355010986,1655640233.3775194,"True",1626.0,0.0039708614349365234,1655640225.13543,1655640225.139401,1.6318390369415283,1655640225.1394162,1655640226.7712553,"0x0000000000000033",51.0,"0x0000000000000000",0.0,"0x0000000000000213",531.0,"0x0000000000000000",0.0,"0x0000000000000000","0x00007f0b3446b500",139686098416896.0,0.0,"0x0000000000000000","0x0000000000000000",0.0,0.0,"0xffffffffffffffff",1.8446744073709552e+19,"0x00007f0b33ffbc40",139686093765696.0,"0x000055fc9d800886",94543462533254.0,"0x000055fc9d800610",94543462532624.0,"0x00007fff02e60850",140733242017872.0,"0x0000000000000000",0.0,"0x0000000000000000",0.0,"0x0000000000000000",0.0,"0x0000000000000000",0.0,"0x0000000000000003",3.0,"0x00007fff02e60730",140733242017584.0,"0x0000000000000000",0.0,"0x0000000000002000",8192.0,"0x0000000000018517",99607.0,"0x0000000000004af5",19189.0,"0x000055fc9d800738",94543462532920.0,"0x0000000000000000",0.0,"0x00007fff02e60730",140733242017584.0,"0x000000000000002b",43.0,"0x1655640226770248571",6591702639627739628913,"0x0000000000000033",51.0,"0x0000000000000000",0.0,"0x0000000000000213",531.0,"0x0000000000000000",0.0,"0x0000000000000000","0x00007f0b3446b500",139686098416896.0,0.0,"0x0000000000000000","0x0000000000000000",0.0,0.0,"0xffffffffffffffff",1.8446744073709552e+19,"0x00007f0b33ffbc40",139686093765696.0,"0x000055fc9d800886",94543462533254.0,"0x000055fc9d800610",94543462532624.0,"0x00007fff02e60850",140733242017872.0,"0x0000000000000000",0.0,"0x0000000000000000",0.0,"0x0000000000000000",0.0,"0x0000000000000000",0.0,"0x0000000000000003",3.0,"0x00007fff02e60730",140733242017584.0,"0x0000000000000000",0.0,"0x0000000000000000",0.0,"0x0000000000018517",99607.0,"0x0000000000004af5",19189.0,"0x000055fc9d800738",94543462532920.0,"0x0000000000000000",0.0,"0x00007fff02e60730",140733242017584.0,"0x000000000000002b",43.0,6.11440634727478,1655640226.7712646,1655640232.885671,569.0,0.25278234481811523,1655640232.8856766,1655640233.138459,3.337860107421875e-06,1655640225.13941,1655640225.1394134,0.00380706787109375,1655640225.131612,1655640225.1354191,"rcx",4.0,19.0,1655640225.129575,0.22243928909301758,1655640233.1546886,1655640233.377128
0.0,10.0,"fault_run",0.014337778091430664,1655640241.4481008,1655640241.4624386,0.00017404556274414062,1655640241.7064426,1655640241.7066166,8.266936540603638,1655640241.7066305,"True",3684.0,0.0038454532623291016,1655640233.4451146,1655640233.44896,3.6896324157714844,1655640233.4489763,1655640237.1386087,"0x0000000000000033",51.0,"0x0000000000000000",0.0,"0x0000000000000213",531.0,"0x0000000000000000",0.0,"0x0000000000000000","0x00007f7f35203500",140184328877312.0,0.0,"0x0000000000000000","0x0000000000000000",0.0,0.0,"0xffffffffffffffff",1.8446744073709552e+19,"0x00007f7f34d93c40",140184324226112.0,"0x000055c4c8200886",94303659493510.0,"0x000055c4c8200610",94303659492880.0,"0x00007fff4fe8eea0",140734534053536.0,"0x0000000000000000",0.0,"0x0000000000000000",0.0,"0x0000000000000000",0.0,"0x0000000000000400",1024.0,"0x0000000000000001",1.0,"0x00007fff4fe8ed80",140734534053248.0,"0x0000000000000000",0.0,"0x0000000000000000",0.0,"0x000000000002578f",153487.0,"0x000000000000739f",29599.0,"0x000055c4c8200738",94303659493176.0,"0x0000000000000000",0.0,"0x00007fff4fe8ed80",140734534053248.0,"0x000000000000002b",43.0,"0x1655640237137613781",6591702640769248606081,"0x0000000000000033",51.0,"0x0000000000000000",0.0,"0x0000000000000213",531.0,"0x0000000000000000",0.0,"0x0000000000000000","0x00007f7f35203500",140184328877312.0,0.0,"0x0000000000000000","0x0000000000000000",0.0,0.0,"0xffffffffffffffff",1.8446744073709552e+19,"0x00007f7f34d93c40",140184324226112.0,"0x000055c4c8200886",94303659493510.0,"0x000055c4c8200610",94303659492880.0,"0x00007fff4fe8eea0",140734534053536.0,"0x0000000000000000",0.0,"0x0000000000000000",0.0,"0x0000000000000000",0.0,"0x0000000000000000",0.0,"0x0000000000000001",1.0,"0x00007fff4fe8ed80",140734534053248.0,"0x0000000000000000",0.0,"0x0000000000000000",0.0,"0x000000000002578f",153487.0,"0x000000000000739f",29599.0,"0x000055c4c8200738",94303659493176.0,"0x0000000000000000",0.0,"0x00007fff4fe8ed80",140734534053248.0,"0x000000000000002b",43.0,3.9699411392211914,1655640237.1386185,1655640241.1085596,575.0,0.33952832221984863,1655640241.1085649,1655640241.4480932,3.0994415283203125e-06,1655640233.4489698,1655640233.448973,0.0032014846801757812,1655640233.4419029,1655640233.4451044,"r9",11.0,20.0,1655640233.439694,0.243757963180542,1655640241.4624527,1655640241.7062106
0.0,"","golden_run",0.01058340072631836,1655640249.773464,1655640249.7840474,1.6689300537109375e-06,1655640250.0031164,1655640250.003118,8.237284183502197,1655640250.0031521,"False","",0.003572702407836914,1655640241.7704213,1655640241.773994,2.6226043701171875e-06,1655640241.7740405,1655640241.774043,"","","","","","","","","","","","","","","","","","","","","","","","","","","","","","","","","","","","","","","","","","","","","","","","","","","","","","","","","","","","","","","","","","","","","","","","","","","","","","","","","","","","","","","","","","","","","","","","","","","","","","","","","","","","","","",7.672792196273804,1655640241.7740479,1655640249.44684,"",0.32660961151123047,1655640249.446846,1655640249.7734556,4.0531158447265625e-06,1655640241.7740333,1655640241.7740374,0.0022089481353759766,1655640241.7682035,1655640241.7704124,"","",1.0,1655640241.765868,0.21889877319335938,1655640249.7840688,1655640250.0029676
0.0,"","golden_run",0.014058113098144531,1655640258.0606375,1655640258.0746956,1.6689300537109375e-06,1655640258.3195136,1655640258.3195152,8.265665292739868,1655640258.3195236,"False","",0.004994392395019531,1655640250.0577536,1655640250.062748,4.76837158203125e-06,1655640250.0627818,1655640250.0627866,"","","","","","","","","","","","","","","","","","","","","","","","","","","","","","","","","","","","","","","","","","","","","","","","","","","","","","","","","","","","","","","","","","","","","","","","","","","","","","","","","","","","","","","","","","","","","","","","","","","","","","","","","","","","","","",7.829776287078857,1655640250.0627913,1655640257.8925676,"",0.16805315017700195,1655640257.8925736,1655640258.0606267,6.198883056640625e-06,1655640250.0627692,1655640250.0627754,0.002264261245727539,1655640250.0554795,1655640250.0577438,"","",2.0,1655640250.0538583,0.24465060234069824,1655640258.0747092,1655640258.3193598
0.0,"","golden_run",0.013813972473144531,1655640266.3828619,1655640266.3966758,1.6689300537109375e-06,1655640266.6176922,1655640266.617694,8.243408441543579,1655640266.617704,"False","",0.005678892135620117,1655640258.3796155,1655640258.3852944,3.814697265625e-06,1655640258.3853178,1655640258.3853216,"","","","","","","","","","","","","","","","","","","","","","","","","","","","","","","","","","","","","","","","","","","","","","","","","","","","","","","","","","","","","","","","","","","","","","","","","","","","","","","","","","","","","","","","","","","","","","","","","","","","","","","","","","","","","","",7.711509943008423,1655640258.3853261,1655640266.096836,"",0.2860121726989746,1655640266.0968418,1655640266.382854,4.76837158203125e-06,1655640258.385309,1655640258.3853137,0.0029456615447998047,1655640258.376648,1655640258.3795936,"","",3.0,1655640258.3742955,0.2208254337310791,1655640266.396721,1655640266.6175463
0.0,"","golden_run",0.012055397033691406,1655640274.6780539,1655640274.6901093,1.9073486328125e-06,1655640274.936284,1655640274.936286,8.265620708465576,1655640274.9362955,"False","",0.004568576812744141,1655640266.6748502,1655640266.6794188,5.4836273193359375e-06,1655640266.6794593,1655640266.6794648,"","","","","","","","","","","","","","","","","","","","","","","","","","","","","","","","","","","","","","","","","","","","","","","","","","","","","","","","","","","","","","","","","","","","","","","","","","","","","","","","","","","","","","","","","","","","","","","","","","","","","","","","","","","","","","",7.676446437835693,1655640266.6794708,1655640274.3559172,"",0.32212376594543457,1655640274.3559227,1655640274.6780465,7.62939453125e-06,1655640266.6794467,1655640266.6794543,0.0023550987243652344,1655640266.6724856,1655640266.6748407,"","",4.0,1655640266.6706748,0.2459115982055664,1655640274.690118,1655640274.9360297
0.0,"","golden_run",0.010740518569946289,1655640283.0057023,1655640283.0164428,1.430511474609375e-06,1655640283.2169147,1655640283.216916,8.219625473022461,1655640283.2169247,"False","",0.003866434097290039,1655640275.00248,1655640275.0063465,2.86102294921875e-06,1655640275.006362,1655640275.0063648,"","","","","","","","","","","","","","","","","","","","","","","","","","","","","","","","","","","","","","","","","","","","","","","","","","","","","","","","","","","","","","","","","","","","","","","","","","","","","","","","","","","","","","","","","","","","","","","","","","","","","","","","","","","","","","",7.774608850479126,1655640275.0063672,1655640282.780976,"",0.22471165657043457,1655640282.780982,1655640283.0056937,2.86102294921875e-06,1655640275.0063562,1655640275.006359,0.003093242645263672,1655640274.9993763,1655640275.0024695,"","",5.0,1655640274.9972992,0.20033001899719238,1655640283.0164511,1655640283.2167811
0.0,"","golden_run",0.014260292053222656,1655640291.2767534,1655640291.2910137,1.430511474609375e-06,1655640291.540455,1655640291.5404565,8.2706937789917,1655640291.5404649,"False","",0.004327058792114258,1655640283.2739089,1655640283.278236,3.337860107421875e-06,1655640283.2782557,1655640283.278259,"","","","","","","","","","","","","","","","","","","","","","","","","","","","","","","","","","","","","","","","","","","","","","","","","","","","","","","","","","","","","","","","","","","","","","","","","","","","","","","","","","","","","","","","","","","","","","","","","","","","","","","","","","","","","","",7.74742579460144,1655640283.2782614,1655640291.0256872,"",0.2510519027709961,1655640291.0256937,1655640291.2767456,3.337860107421875e-06,1655640283.2782493,1655640283.2782526,0.002326488494873047,1655640283.2715735,1655640283.2739,"","",6.0,1655640283.269771,0.24928975105285645,1655640291.291028,1655640291.5403178
0.0,"","golden_run",0.015727519989013672,1655640299.6051676,1655640299.6208951,2.1457672119140625e-06,1655640299.8728132,1655640299.8728154,8.275675058364868,1655640299.872829,"False","",0.003995656967163086,1655640291.6021302,1655640291.6061258,2.384185791015625e-06,1655640291.6061425,1655640291.606145,"","","","","","","","","","","","","","","","","","","","","","","","","","","","","","","","","","","","","","","","","","","","","","","","","","","","","","","","","","","","","","","","","","","","","","","","","","","","","","","","","","","","","","","","","","","","","","","","","","","","","","","","","","","","","","",7.86871862411499,1655640291.6061494,1655640299.474868,"",0.13028693199157715,1655640299.4748733,1655640299.6051602,2.86102294921875e-06,1655640291.6061358,1655640291.6061387,0.0027315616607666016,1655640291.5993896,1655640291.602121,"","",7.0,1655640291.597154,0.25170183181762695,1655640299.6209183,1655640299.87262
0.0,"","golden_run",0.013837814331054688,1655640307.9534085,1655640307.9672463,1.6689300537109375e-06,1655640308.187854,1655640308.1878557,8.246556043624878,1655640308.1878645,"False","",0.006136655807495117,1655640299.9498417,1655640299.9559784,5.9604644775390625e-06,1655640299.956032,1655640299.956038,"","","","","","","","","","","","","","","","","","","","","","","","","","","","","","","","","","","","","","","","","","","","","","","","","","","","","","","","","","","","","","","","","","","","","","","","","","","","","","","","","","","","","","","","","","","","","","","","","","","","","","","","","","","","","","",7.641566276550293,1655640299.9560423,1655640307.5976086,"",0.35578393936157227,1655640307.597615,1655640307.953399,6.4373016357421875e-06,1655640299.9560196,1655640299.956026,0.004109382629394531,1655640299.9457123,1655640299.9498217,"","",8.0,1655640299.9413085,0.2204275131225586,1655640307.9672627,1655640308.1876903
0.0,"","golden_run",0.014432430267333984,1655640316.2513463,1655640316.2657788,1.430511474609375e-06,1655640316.5127616,1655640316.512763,8.270209789276123,1655640316.5127726,"False","",0.006423473358154297,1655640308.2482889,1655640308.2547123,5.4836273193359375e-06,1655640308.2547486,1655640308.254754,"","","","","","","","","","","","","","","","","","","","","","","","","","","","","","","","","","","","","","","","","","","","","","","","","","","","","","","","","","","","","","","","","","","","","","","","","","","","","","","","","","","","","","","","","","","","","","","","","","","","","","","","","","","","","","",7.88378119468689,1655640308.2547603,1655640316.1385415,"",0.11279082298278809,1655640316.1385474,1655640316.2513382,6.4373016357421875e-06,1655640308.254737,1655640308.2547433,0.003245830535888672,1655640308.2450325,1655640308.2482784,"","",9.0,1655640308.2425628,0.24679946899414062,1655640316.2657964,1655640316.512596
0.0,"","golden_run",0.014538049697875977,1655640324.5843396,1655640324.5988777,1.6689300537109375e-06,1655640324.8308413,1655640324.830843,8.255350589752197,1655640324.8308527,"False","",0.0041522979736328125,1655640316.5809488,1655640316.5851011,3.814697265625e-06,1655640316.5851214,1655640316.5851252,"","","","","","","","","","","","","","","","","","","","","","","","","","","","","","","","","","","","","","","","","","","","","","","","","","","","","","","","","","","","","","","","","","","","","","","","","","","","","","","","","","","","","","","","","","","","","","","","","","","","","","","","","","","","","","",7.753583908081055,1655640316.585129,1655640324.338713,"",0.24561166763305664,1655640324.3387187,1655640324.5843303,4.291534423828125e-06,1655640316.5851138,1655640316.585118,0.0030488967895507812,1655640316.5778866,1655640316.5809355,"","",10.0,1655640316.5755022,0.2318103313446045,1655640324.598894,1655640324.8307042
0.0,"","golden_run",0.01792168617248535,1655640332.8917518,1655640332.9096735,2.6226043701171875e-06,1655640333.2239513,1655640333.223954,8.339858293533325,1655640333.2239642,"False","",0.003396749496459961,1655640324.8884912,1655640324.891888,2.384185791015625e-06,1655640324.891904,1655640324.8919065,"","","","","","","","","","","","","","","","","","","","","","","","","","","","","","","","","","","","","","","","","","","","","","","","","","","","","","","","","","","","","","","","","","","","","","","","","","","","","","","","","","","","","","","","","","","","","","","","","","","","","","","","","","","","","","",7.751410245895386,1655640324.8919094,1655640332.6433196,"",0.2484123706817627,1655640332.643327,1655640332.8917394,4.291534423828125e-06,1655640324.8918965,1655640324.8919008,0.0022430419921875,1655640324.8862395,1655640324.8884826,"","",11.0,1655640324.884106,0.31397223472595215,1655640332.9097006,1655640333.2236729
0.0,"","golden_run",0.015578269958496094,1655640341.3218737,1655640341.337452,2.384185791015625e-06,1655640341.6241245,1655640341.624127,8.314464807510376,1655640341.6241388,"False","",0.008101224899291992,1655640333.3176947,1655640333.325796,6.198883056640625e-06,1655640333.3258307,1655640333.325837,"","","","","","","","","","","","","","","","","","","","","","","","","","","","","","","","","","","","","","","","","","","","","","","","","","","","","","","","","","","","","","","","","","","","","","","","","","","","","","","","","","","","","","","","","","","","","","","","","","","","","","","","","","","","","","",7.911353349685669,1655640333.3258429,1655640341.2371962,"",0.08466196060180664,1655640341.237203,1655640341.3218648,5.9604644775390625e-06,1655640333.3258195,1655640333.3258255,0.004797697067260742,1655640333.3128808,1655640333.3176785,"","",12.0,1655640333.309674,0.286466121673584,1655640341.337471,1655640341.6239371
0.0,"","golden_run",0.015851736068725586,1655640349.707551,1655640349.7234027,3.337860107421875e-06,1655640349.9969075,1655640349.9969108,8.30109715461731,1655640349.9969246,"False","",0.005171060562133789,1655640341.702972,1655640341.708143,3.5762786865234375e-06,1655640341.7081757,1655640341.7081792,"","","","","","","","","","","","","","","","","","","","","","","","","","","","","","","","","","","","","","","","","","","","","","","","","","","","","","","","","","","","","","","","","","","","","","","","","","","","","","","","","","","","","","","","","","","","","","","","","","","","","","","","","","","","","","",7.8344080448150635,1655640341.7081823,1655640349.5425904,"",0.16494345664978027,1655640349.5425985,1655640349.707542,5.0067901611328125e-06,1655640341.708167,1655640341.708172,0.0033571720123291016,1655640341.6996036,1655640341.7029607,"","",13.0,1655640341.6958275,0.27325940132141113,1655640349.7234192,1655640349.9966786
0.0,"","golden_run",0.017031431198120117,1655640358.081404,1655640358.0984354,1.9073486328125e-06,1655640358.3757517,1655640358.3757536,8.304259300231934,1655640358.37577,"False","",0.006525754928588867,1655640350.0772202,1655640350.083746,6.67572021484375e-06,1655640350.083783,1655640350.0837896,"","","","","","","","","","","","","","","","","","","","","","","","","","","","","","","","","","","","","","","","","","","","","","","","","","","","","","","","","","","","","","","","","","","","","","","","","","","","","","","","","","","","","","","","","","","","","","","","","","","","","","","","","","","","","","",7.864945888519287,1655640350.0837948,1655640357.9487407,"",0.13264679908752441,1655640357.9487476,1655640358.0813944,6.198883056640625e-06,1655640350.08377,1655640350.0837762,0.0032944679260253906,1655640350.073912,1655640350.0772064,"","",14.0,1655640350.0715108,0.2771179676055908,1655640358.0984526,1655640358.3755705
0.0,"","golden_run",0.013095617294311523,1655640366.4542167,1655640366.4673123,1.9073486328125e-06,1655640366.7556455,1655640366.7556474,8.31268835067749,1655640366.7556605,"False","",0.00825953483581543,1655640358.4500005,1655640358.45826,6.4373016357421875e-06,1655640358.4582999,1655640358.4583063,"","","","","","","","","","","","","","","","","","","","","","","","","","","","","","","","","","","","","","","","","","","","","","","","","","","","","","","","","","","","","","","","","","","","","","","","","","","","","","","","","","","","","","","","","","","","","","","","","","","","","","","","","","","","","","",7.774199724197388,1655640358.4583132,1655640366.232513,"",0.22168707847595215,1655640366.2325208,1655640366.454208,7.867813110351562e-06,1655640358.4582846,1655640358.4582925,0.004288196563720703,1655640358.4456992,1655640358.4499874,"","",15.0,1655640358.4429722,0.2879045009613037,1655640366.467411,1655640366.7553155
0.0,"","golden_run",0.015593767166137695,1655640374.8339286,1655640374.8495224,1.430511474609375e-06,1655640375.1183836,1655640375.118385,8.294160604476929,1655640375.118395,"False","",0.007322072982788086,1655640366.830108,1655640366.83743,4.0531158447265625e-06,1655640366.8374565,1655640366.8374605,"","","","","","","","","","","","","","","","","","","","","","","","","","","","","","","","","","","","","","","","","","","","","","","","","","","","","","","","","","","","","","","","","","","","","","","","","","","","","","","","","","","","","","","","","","","","","","","","","","","","","","","","","","","","","","",7.792126178741455,1655640366.837464,1655640374.6295903,"",0.20430946350097656,1655640374.6296105,1655640374.83392,5.7220458984375e-06,1655640366.8374465,1655640366.8374522,0.003695964813232422,1655640366.8263981,1655640366.830094,"","",16.0,1655640366.8242345,0.2686161994934082,1655640374.849567,1655640375.1181831
0.0,"","golden_run",0.016189098358154297,1655640383.187427,1655640383.2036161,1.430511474609375e-06,1655640383.459278,1655640383.4592795,8.28218936920166,1655640383.4592903,"False","",0.005385637283325195,1655640375.183725,1655640375.1891108,3.0994415283203125e-06,1655640375.189137,1655640375.18914,"","","","","","","","","","","","","","","","","","","","","","","","","","","","","","","","","","","","","","","","","","","","","","","","","","","","","","","","","","","","","","","","","","","","","","","","","","","","","","","","","","","","","","","","","","","","","","","","","","","","","","","","","","","","","","",7.814770460128784,1655640375.189143,1655640383.0039134,"",0.18349671363830566,1655640383.0039206,1655640383.1874173,4.5299530029296875e-06,1655640375.189127,1655640375.1891315,0.00392603874206543,1655640375.1797836,1655640375.1837096,"","",17.0,1655640375.177101,0.25542473793029785,1655640383.2036345,1655640383.4590592
0.0,"","golden_run",0.014659404754638672,1655640391.5346246,1655640391.549284,3.0279159545898438e-05,1655640391.8136685,1655640391.8136988,8.290579080581665,1655640391.8137105,"False","",0.009168863296508789,1655640383.5300035,1655640383.5391724,5.4836273193359375e-06,1655640383.5392098,1655640383.5392153,"","","","","","","","","","","","","","","","","","","","","","","","","","","","","","","","","","","","","","","","","","","","","","","","","","","","","","","","","","","","","","","","","","","","","","","","","","","","","","","","","","","","","","","","","","","","","","","","","","","","","","","","","","","","","","",7.835714817047119,1655640383.5392225,1655640391.3749373,"",0.15965580940246582,1655640391.3749597,1655640391.5346155,6.4373016357421875e-06,1655640383.539198,1655640383.5392044,0.004482746124267578,1655640383.5254936,1655640383.5299764,"","",18.0,1655640383.5231314,0.2641565799713135,1655640391.5493357,1655640391.8134923
0.0,"","golden_run",0.014412641525268555,1655640399.8829396,1655640399.8973522,2.6226043701171875e-06,1655640400.1686943,1655640400.1686969,8.295467853546143,1655640400.1687071,"False","",0.005919933319091797,1655640391.878734,1655640391.884654,4.291534423828125e-06,1655640391.8847048,1655640391.8847091,"","","","","","","","","","","","","","","","","","","","","","","","","","","","","","","","","","","","","","","","","","","","","","","","","","","","","","","","","","","","","","","","","","","","","","","","","","","","","","","","","","","","","","","","","","","","","","","","","","","","","","","","","","","","","","",7.811153888702393,1655640391.884716,1655640399.69587,"",0.18705368041992188,1655640399.6958768,1655640399.8829305,7.3909759521484375e-06,1655640391.8846927,1655640391.8847,0.0033729076385498047,1655640391.87535,1655640391.878723,"","",19.0,1655640391.8732393,0.2711334228515625,1655640399.897374,1655640400.1685073
0.0,"","golden_run",0.014205455780029297,1655640408.2497697,1655640408.2639751,3.5762786865234375e-06,1655640408.5193322,1655640408.5193357,8.279622793197632,1655640408.5193775,"False","",0.0077250003814697266,1655640400.2458878,1655640400.2536128,5.4836273193359375e-06,1655640400.2536469,1655640400.2536523,"","","","","","","","","","","","","","","","","","","","","","","","","","","","","","","","","","","","","","","","","","","","","","","","","","","","","","","","","","","","","","","","","","","","","","","","","","","","","","","","","","","","","","","","","","","","","","","","","","","","","","","","","","","","","","",7.790844917297363,1655640400.2536569,1655640408.0445018,"",0.20521020889282227,1655640408.0445256,1655640408.2497358,6.9141387939453125e-06,1655640400.2536335,1655640400.2536404,0.003712892532348633,1655640400.2421553,1655640400.2458682,"","",20.0,1655640400.2397547,0.25504064559936523,1655640408.2640004,1655640408.519041
